Time (ms),Road Width (m)
0.0,5.910750000000001
33.333333333333336,5.910750000000001
66.66666666666667,5.910750000000001
100.0,5.910750000000001
133.33333333333334,5.910750000000001
166.66666666666666,5.910750000000001
200.0,5.910750000000001
233.33333333333334,5.910750000000001
266.6666666666667,5.910750000000001
300.0,5.910750000000001
333.3333333333333,5.910750000000001
366.66666666666663,5.910750000000001
400.0,5.910750000000001
433.33333333333337,5.910750000000001
466.6666666666667,5.910750000000001
500.0,5.910750000000001
533.3333333333334,5.910750000000001
566.6666666666666,5.910750000000001
600.0,5.910750000000001
633.3333333333333,5.910750000000001
666.6666666666666,5.910750000000001
700.0,5.910750000000001
733.3333333333333,5.910750000000001
766.6666666666666,5.910750000000001
800.0,5.910750000000001
833.3333333333334,5.910750000000001
866.6666666666667,5.910750000000001
900.0,5.910750000000001
933.3333333333334,5.910750000000001
966.6666666666666,5.910750000000001
1000.0,5.910750000000001
1033.3333333333333,5.910750000000001
1066.6666666666667,5.910750000000001
1100.0,5.910750000000001
1133.3333333333333,5.910750000000001
1166.6666666666667,5.910750000000001
1200.0,5.910750000000001
1233.3333333333335,5.910750000000001
1266.6666666666665,5.910750000000001
1300.0,5.910750000000001
1333.3333333333333,5.910750000000001
1366.6666666666667,5.910750000000001
1400.0,5.910750000000001
1433.3333333333333,5.910750000000001
1466.6666666666665,5.910750000000001
1500.0,5.910750000000001
1533.3333333333333,5.910750000000001
1566.6666666666667,5.910750000000001
1600.0,5.910750000000001
1633.3333333333333,5.910750000000001
1666.6666666666667,5.910750000000001
1700.0,5.910750000000001
1733.3333333333335,5.910750000000001
1766.6666666666665,5.910750000000001
1800.0,5.910750000000001
1833.3333333333333,5.910750000000001
1866.6666666666667,5.910750000000001
1900.0,5.910750000000001
1933.3333333333333,5.910750000000001
1966.6666666666665,5.910750000000001
2000.0,5.910750000000001
2033.3333333333333,5.910750000000001
2066.6666666666665,5.910750000000001
2100.0,5.910750000000001
2133.3333333333335,5.910750000000001
2166.6666666666665,5.910750000000001
2200.0,5.910750000000001
2233.3333333333335,5.910750000000001
2266.6666666666665,5.910750000000001
2300.0,5.910750000000001
2333.3333333333335,5.910750000000001
2366.6666666666665,5.910750000000001
2400.0,5.910750000000001
2433.333333333333,5.910750000000001
2466.666666666667,5.910750000000001
2500.0,5.910750000000001
2533.333333333333,5.910750000000001
2566.6666666666665,5.910750000000001
2600.0,5.910750000000001
2633.3333333333335,5.910750000000001
2666.6666666666665,5.910750000000001
2700.0,5.910750000000001
2733.3333333333335,5.910750000000001
2766.6666666666665,5.910750000000001
2800.0,5.910750000000001
2833.3333333333335,5.910750000000001
2866.6666666666665,5.910750000000001
2900.0,5.910750000000001
2933.333333333333,5.910750000000001
2966.666666666667,5.910750000000001
3000.0,5.910750000000001
3033.333333333333,5.910750000000001
3066.6666666666665,5.910750000000001
3100.0,5.910750000000001
3133.3333333333335,5.910750000000001
3166.6666666666665,5.910750000000001
3200.0,5.910750000000001
3233.3333333333335,5.910750000000001
3266.6666666666665,5.910750000000001
3300.0,5.910750000000001
3333.3333333333335,5.910750000000001
3366.6666666666665,5.910750000000001
3400.0,5.910750000000001
3433.333333333333,5.910750000000001
3466.666666666667,5.910750000000001
3500.0,5.910750000000001
3533.333333333333,5.910750000000001
3566.6666666666665,5.910750000000001
3600.0,5.910750000000001
3633.3333333333335,5.910750000000001
3666.6666666666665,5.910750000000001
3699.9999999999995,5.910750000000001
3733.3333333333335,5.910750000000001
3766.6666666666665,5.910750000000001
3800.0,5.910750000000001
3833.3333333333335,5.910750000000001
3866.6666666666665,5.910750000000001
3900.0,5.910750000000001
3933.333333333333,5.910750000000001
3966.666666666667,5.910750000000001
4000.0,5.910750000000001
4033.333333333333,5.910750000000001
4066.6666666666665,5.910750000000001
4100.0,5.910750000000001
4133.333333333333,5.910750000000001
4166.666666666667,5.910750000000001
4200.0,5.910750000000001
4233.333333333333,5.910750000000001
4266.666666666667,5.910750000000001
4300.0,5.910750000000001
4333.333333333333,5.910750000000001
4366.666666666666,5.910750000000001
4400.0,5.910750000000001
4433.333333333334,5.910750000000001
4466.666666666667,5.910750000000001
4500.0,5.910750000000001
4533.333333333333,5.910750000000001
4566.666666666666,5.910750000000001
4600.0,5.910750000000001
4633.333333333333,5.910750000000001
4666.666666666667,5.910750000000001
4700.0,5.910750000000001
4733.333333333333,5.910750000000001
4766.666666666667,5.910750000000001
4800.0,5.910750000000001
4833.333333333333,5.910750000000001
4866.666666666666,5.910750000000001
4900.0,5.910750000000001
4933.333333333334,5.910750000000001
4966.666666666667,5.910750000000001
5000.0,5.910750000000001
5033.333333333333,5.910750000000001
5066.666666666666,5.910750000000001
5100.0,5.910750000000001
5133.333333333333,5.910750000000001
5166.666666666667,5.910750000000001
5200.0,5.910750000000001
5233.333333333333,5.910750000000001
5266.666666666667,5.910750000000001
5300.0,5.910750000000001
5333.333333333333,5.910750000000001
5366.666666666666,5.910750000000001
5400.0,5.910750000000001
5433.333333333334,5.910750000000001
5466.666666666667,5.910750000000001
5500.0,5.910750000000001
5533.333333333333,5.910750000000001
5566.666666666666,5.910750000000001
5600.0,5.910750000000001
5633.333333333333,5.910750000000001
5666.666666666667,5.910750000000001
5700.0,5.910750000000001
5733.333333333333,5.910750000000001
5766.666666666667,5.910750000000001
5800.0,5.910750000000001
5833.333333333333,5.910750000000001
5866.666666666666,5.910750000000001
5900.0,5.910750000000001
5933.333333333334,5.910750000000001
5966.666666666667,5.910750000000001
6000.0,5.910750000000001
6033.333333333333,5.910750000000001
6066.666666666666,5.910750000000001
6100.0,5.910750000000001
6133.333333333333,5.910750000000001
6166.666666666667,5.910750000000001
6200.0,5.910750000000001
6233.333333333333,5.910750000000001
6266.666666666667,5.910750000000001
6300.0,5.910750000000001
6333.333333333333,5.910750000000001
6366.666666666666,5.910750000000001
6400.0,5.910750000000001
6433.333333333334,5.910750000000001
6466.666666666667,5.910750000000001
6500.0,5.910750000000001
6533.333333333333,5.910750000000001
6566.666666666666,5.910750000000001
6600.0,5.910750000000001
6633.333333333333,5.910750000000001
6666.666666666667,5.910750000000001
6700.0,5.910750000000001
6733.333333333333,5.910750000000001
6766.666666666667,5.910750000000001
6800.0,5.910750000000001
6833.333333333333,5.910750000000001
6866.666666666666,5.910750000000001
6899.999999999999,5.910750000000001
6933.333333333334,5.910750000000001
6966.666666666667,5.910750000000001
7000.0,5.910750000000001
7033.333333333333,5.910750000000001
7066.666666666666,5.910750000000001
7100.0,5.910750000000001
7133.333333333333,5.910750000000001
7166.666666666667,5.910750000000001
7200.0,5.910750000000001
7233.333333333333,5.910750000000001
7266.666666666667,5.910750000000001
7300.0,5.910750000000001
7333.333333333333,5.910750000000001
7366.666666666666,5.910750000000001
7399.999999999999,5.910750000000001
7433.333333333334,5.910750000000001
7466.666666666667,5.910750000000001
7500.0,5.910750000000001
7533.333333333333,5.910750000000001
7566.666666666666,5.910750000000001
7600.0,5.910750000000001
7633.333333333333,5.910750000000001
7666.666666666667,5.910750000000001
7700.0,5.910750000000001
7733.333333333333,5.910750000000001
7766.666666666667,5.910750000000001
7800.0,5.910750000000001
7833.333333333333,5.910750000000001
7866.666666666666,5.910750000000001
7899.999999999999,5.910750000000001
7933.333333333334,5.910750000000001
7966.666666666667,5.910750000000001
8000.0,5.910750000000001
8033.333333333333,5.910750000000001
8066.666666666666,5.910750000000001
8100.0,5.910750000000001
8133.333333333333,5.910750000000001
8166.666666666666,5.910750000000001
8200.0,5.910750000000001
8233.333333333332,5.910750000000001
8266.666666666666,5.910750000000001
8300.0,5.910750000000001
8333.333333333334,5.910750000000001
8366.666666666668,5.910750000000001
8400.0,5.910750000000001
8433.333333333334,5.910750000000001
8466.666666666666,5.910750000000001
8500.0,5.910750000000001
8533.333333333334,5.910750000000001
8566.666666666666,5.910750000000001
8600.0,5.910750000000001
8633.333333333332,5.910750000000001
8666.666666666666,5.910750000000001
8700.0,5.910750000000001
8733.333333333332,5.910750000000001
8766.666666666666,5.910750000000001
8800.0,5.910750000000001
8833.333333333334,5.910750000000001
8866.666666666668,5.910750000000001
8900.0,5.910750000000001
8933.333333333334,5.910750000000001
8966.666666666666,5.910750000000001
9000.0,5.910750000000001
9033.333333333334,5.910750000000001
9066.666666666666,5.910750000000001
9100.0,5.910750000000001
9133.333333333332,5.910750000000001
9166.666666666666,5.910750000000001
9200.0,5.910750000000001
9233.333333333332,5.910750000000001
9266.666666666666,5.910750000000001
9300.0,5.910750000000001
9333.333333333334,5.910750000000001
9366.666666666668,5.910750000000001
9400.0,5.910750000000001
9433.333333333334,5.910750000000001
9466.666666666666,5.910750000000001
9500.0,5.910750000000001
9533.333333333334,5.910750000000001
9566.666666666666,5.910750000000001
9600.0,5.910750000000001
9633.333333333332,5.910750000000001
9666.666666666666,5.910750000000001
9700.0,5.910750000000001
9733.333333333332,5.910750000000001
9766.666666666666,5.910750000000001
9800.0,5.910750000000001
9833.333333333334,5.910750000000001
9866.666666666668,5.910750000000001
9900.0,5.910750000000001
9933.333333333334,5.910750000000001
9966.666666666666,5.910750000000001
10000.0,5.910750000000001
10033.333333333334,5.910750000000001
10066.666666666666,5.910750000000001
10100.0,5.910750000000001
10133.333333333332,5.910750000000001
10166.666666666666,5.910750000000001
10200.0,5.910750000000001
10233.333333333332,5.910750000000001
10266.666666666666,5.910750000000001
10300.0,5.910750000000001
10333.333333333334,5.910750000000001
10366.666666666668,5.910750000000001
10400.0,5.910750000000001
10433.333333333334,5.910750000000001
10466.666666666666,5.910750000000001
10500.0,5.910750000000001
10533.333333333334,5.910750000000001
10566.666666666666,5.910750000000001
10600.0,5.910750000000001
10633.333333333332,5.910750000000001
10666.666666666666,5.910750000000001
10700.0,5.910750000000001
10733.333333333332,5.910750000000001
10766.666666666666,5.910750000000001
10800.0,5.910750000000001
10833.333333333334,5.910750000000001
10866.666666666668,5.910750000000001
10900.0,5.910750000000001
10933.333333333334,5.910750000000001
10966.666666666666,5.910750000000001
11000.0,5.910750000000001
11033.333333333334,5.910750000000001
11066.666666666666,5.910750000000001
11100.0,5.910750000000001
11133.333333333332,5.910750000000001
11166.666666666666,5.910750000000001
11200.0,5.910750000000001
11233.333333333332,5.910750000000001
11266.666666666666,5.910750000000001
11300.0,5.910750000000001
11333.333333333334,5.910750000000001
11366.666666666668,5.910750000000001
11400.0,5.910750000000001
11433.333333333334,5.910750000000001
11466.666666666666,5.910750000000001
11500.0,5.910750000000001
11533.333333333334,5.910750000000001
11566.666666666666,5.910750000000001
11600.0,5.910750000000001
11633.333333333332,5.910750000000001
11666.666666666666,5.910750000000001
11700.0,5.910750000000001
11733.333333333332,5.910750000000001
11766.666666666666,5.910750000000001
11800.0,5.910750000000001
11833.333333333334,5.910750000000001
11866.666666666668,5.910750000000001
11900.0,5.910750000000001
11933.333333333334,5.910750000000001
11966.666666666666,5.910750000000001
12000.0,5.910750000000001
12033.333333333334,5.910750000000001
12066.666666666666,5.910750000000001
12100.0,5.910750000000001
12133.333333333332,5.910750000000001
12166.666666666666,5.910750000000001
12200.0,5.910750000000001
12233.333333333332,5.910750000000001
12266.666666666666,5.910750000000001
12300.0,5.910750000000001
12333.333333333334,5.910750000000001
12366.666666666668,5.910750000000001
12400.0,5.910750000000001
12433.333333333334,5.910750000000001
12466.666666666666,5.910750000000001
12500.0,5.910750000000001
12533.333333333334,5.910750000000001
12566.666666666666,5.910750000000001
12600.0,5.910750000000001
12633.333333333332,5.910750000000001
12666.666666666666,5.910750000000001
12700.0,5.910750000000001
12733.333333333332,5.910750000000001
12766.666666666666,5.910750000000001
12800.0,5.910750000000001
12833.333333333334,5.910750000000001
12866.666666666668,5.910750000000001
12900.0,5.910750000000001
12933.333333333334,5.910750000000001
12966.666666666666,5.910750000000001
13000.0,5.910750000000001
13033.333333333334,5.910750000000001
13066.666666666666,5.910750000000001
13100.0,5.910750000000001
13133.333333333332,5.910750000000001
13166.666666666666,5.910750000000001
13200.0,5.910750000000001
13233.333333333332,5.910750000000001
13266.666666666666,5.910750000000001
13299.999999999998,5.910750000000001
13333.333333333334,5.910750000000001
13366.666666666668,5.910750000000001
13400.0,5.910750000000001
13433.333333333334,5.910750000000001
13466.666666666666,5.910750000000001
13500.0,5.910750000000001
13533.333333333334,5.910750000000001
13566.666666666666,5.910750000000001
13600.0,5.910750000000001
13633.333333333332,5.910750000000001
13666.666666666666,5.910750000000001
13700.0,5.910750000000001
13733.333333333332,5.910750000000001
13766.666666666666,5.910750000000001
13799.999999999998,5.910750000000001
13833.333333333334,5.910750000000001
13866.666666666668,5.910750000000001
13900.0,5.910750000000001
13933.333333333334,5.910750000000001
13966.666666666666,5.910750000000001
14000.0,5.910750000000001
14033.333333333334,5.910750000000001
14066.666666666666,5.910750000000001
14100.0,5.910750000000001
14133.333333333332,5.910750000000001
14166.666666666666,5.910750000000001
14200.0,5.910750000000001
14233.333333333332,5.910750000000001
14266.666666666666,5.910750000000001
14299.999999999998,5.910750000000001
14333.333333333334,5.910750000000001
14366.666666666668,5.910750000000001
14400.0,5.910750000000001
14433.333333333334,5.910750000000001
14466.666666666666,5.910750000000001
14500.0,5.910750000000001
14533.333333333334,5.910750000000001
14566.666666666666,5.910750000000001
14600.0,5.910750000000001
14633.333333333332,5.910750000000001
14666.666666666666,5.910750000000001
14700.0,5.910750000000001
14733.333333333332,5.910750000000001
14766.666666666666,5.910750000000001
14799.999999999998,5.910750000000001
14833.333333333334,5.910750000000001
14866.666666666668,5.910750000000001
14900.0,5.910750000000001
14933.333333333334,5.910750000000001
14966.666666666666,5.910750000000001
15000.0,5.910750000000001
15033.333333333334,5.910750000000001
15066.666666666666,5.910750000000001
15100.0,5.910750000000001
15133.333333333332,5.910750000000001
15166.666666666666,5.910750000000001
15200.0,5.910750000000001
15233.333333333332,5.910750000000001
15266.666666666666,5.910750000000001
15299.999999999998,5.910750000000001
15333.333333333334,5.910750000000001
15366.666666666668,5.910750000000001
15400.0,5.910750000000001
15433.333333333334,5.910750000000001
15466.666666666666,5.910750000000001
15500.0,5.910750000000001
15533.333333333334,5.910750000000001
15566.666666666666,5.910750000000001
15600.0,5.910750000000001
15633.333333333332,5.910750000000001
15666.666666666666,5.910750000000001
15700.0,5.910750000000001
15733.333333333332,5.910750000000001
15766.666666666666,5.910750000000001
15799.999999999998,5.910750000000001
15833.333333333334,5.910750000000001
15866.666666666668,5.910750000000001
15900.0,5.910750000000001
15933.333333333334,5.910750000000001
15966.666666666666,5.910750000000001
16000.0,5.910750000000001
16033.333333333332,5.910750000000001
16066.666666666666,5.910750000000001
16100.000000000002,5.910750000000001
16133.333333333332,5.910750000000001
16166.666666666668,5.910750000000001
16200.0,5.910750000000001
16233.333333333334,5.910750000000001
16266.666666666666,5.910750000000001
16300.0,5.910750000000001
16333.333333333332,5.910750000000001
16366.666666666668,5.910750000000001
16400.0,5.910750000000001
16433.333333333332,5.910750000000001
16466.666666666664,5.910750000000001
16500.0,5.910750000000001
16533.333333333332,5.910750000000001
16566.666666666668,5.910750000000001
16600.0,5.910750000000001
16633.333333333332,5.910750000000001
16666.666666666668,5.910750000000001
16700.0,5.910750000000001
16733.333333333336,5.910750000000001
16766.666666666664,5.910750000000001
16800.0,5.910750000000001
16833.333333333332,5.910750000000001
16866.666666666668,5.910750000000001
16900.0,5.910750000000001
16933.333333333332,5.910750000000001
16966.666666666664,5.910750000000001
17000.0,5.910750000000001
17033.333333333332,5.910750000000001
17066.666666666668,5.910750000000001
17100.0,5.910750000000001
17133.333333333332,5.910750000000001
17166.666666666668,5.910750000000001
17200.0,5.910750000000001
17233.333333333336,5.910750000000001
17266.666666666664,5.910750000000001
17300.0,5.910750000000001
17333.333333333332,5.910750000000001
17366.666666666668,5.910750000000001
17400.0,5.910750000000001
17433.333333333332,5.910750000000001
17466.666666666664,5.910750000000001
17500.0,5.910750000000001
17533.333333333332,5.910750000000001
17566.666666666668,5.910750000000001
17600.0,5.910750000000001
17633.333333333332,5.910750000000001
17666.666666666668,5.910750000000001
17700.0,5.910750000000001
17733.333333333336,5.910750000000001
17766.666666666664,5.910750000000001
17800.0,5.910750000000001
17833.333333333332,5.910750000000001
17866.666666666668,5.910750000000001
17900.0,5.910750000000001
17933.333333333332,5.910750000000001
17966.666666666664,5.910750000000001
18000.0,5.910750000000001
18033.333333333332,5.910750000000001
18066.666666666668,5.910750000000001
18100.0,5.910750000000001
18133.333333333332,5.910750000000001
18166.666666666668,5.910750000000001
18200.0,5.910750000000001
18233.333333333336,5.910750000000001
18266.666666666664,5.910750000000001
18300.0,5.910750000000001
18333.333333333332,5.910750000000001
18366.666666666668,5.910750000000001
18400.0,5.910750000000001
18433.333333333332,5.910750000000001
18466.666666666664,5.910750000000001
18500.0,5.910750000000001
18533.333333333332,5.910750000000001
18566.666666666668,5.910750000000001
18600.0,5.910750000000001
18633.333333333332,5.910750000000001
18666.666666666668,5.910750000000001
18700.0,5.910750000000001
18733.333333333336,5.910750000000001
18766.666666666664,5.910750000000001
18800.0,5.910750000000001
18833.333333333332,5.910750000000001
18866.666666666668,5.910750000000001
18900.0,5.910750000000001
18933.333333333332,5.910750000000001
18966.666666666664,5.910750000000001
19000.0,5.910750000000001
19033.333333333332,5.910750000000001
19066.666666666668,5.910750000000001
19100.0,5.910750000000001
19133.333333333332,5.910750000000001
19166.666666666668,5.910750000000001
19200.0,5.910750000000001
19233.333333333336,5.910750000000001
19266.666666666664,5.910750000000001
19300.0,5.910750000000001
19333.333333333332,5.910750000000001
19366.666666666668,5.910750000000001
19400.0,5.910750000000001
19433.333333333332,5.910750000000001
19466.666666666664,5.910750000000001
19500.0,5.910750000000001
19533.333333333332,5.910750000000001
19566.666666666668,5.910750000000001
19600.0,5.910750000000001
19633.333333333332,5.910750000000001
19666.666666666668,5.910750000000001
19700.0,5.910750000000001
19733.333333333336,5.910750000000001
19766.666666666664,5.910750000000001
19800.0,5.910750000000001
19833.333333333332,5.910750000000001
19866.666666666668,5.910750000000001
19900.0,5.910750000000001
19933.333333333332,5.910750000000001
19966.666666666664,5.910750000000001
20000.0,5.910750000000001
20033.333333333332,5.910750000000001
20066.666666666668,5.910750000000001
20100.0,5.910750000000001
20133.333333333332,5.910750000000001
20166.666666666668,5.910750000000001
20200.0,5.910750000000001
20233.333333333336,5.910750000000001
20266.666666666664,5.910750000000001
20300.0,5.910750000000001
20333.333333333332,5.910750000000001
20366.666666666668,5.910750000000001
20400.0,5.910750000000001
20433.333333333332,5.910750000000001
20466.666666666664,5.910750000000001
20500.0,5.910750000000001
20533.333333333332,5.910750000000001
20566.666666666668,5.910750000000001
20600.0,5.910750000000001
20633.333333333332,5.910750000000001
20666.666666666668,5.910750000000001
20700.0,5.910750000000001
20733.333333333336,5.910750000000001
20766.666666666664,5.910750000000001
20800.0,5.910750000000001
20833.333333333332,5.910750000000001
20866.666666666668,5.910750000000001
20900.0,5.910750000000001
20933.333333333332,5.910750000000001
20966.666666666664,5.910750000000001
21000.0,5.910750000000001
21033.333333333332,5.910750000000001
21066.666666666668,5.910750000000001
21100.0,5.910750000000001
21133.333333333332,5.910750000000001
21166.666666666668,5.910750000000001
21200.0,5.910750000000001
21233.333333333336,5.910750000000001
21266.666666666664,5.910750000000001
21300.0,5.910750000000001
21333.333333333332,5.910750000000001
21366.666666666668,5.910750000000001
21400.0,5.910750000000001
21433.333333333332,5.910750000000001
21466.666666666664,5.910750000000001
21500.0,5.910750000000001
21533.333333333332,5.910750000000001
21566.666666666668,5.910750000000001
21600.0,5.910750000000001
21633.333333333332,5.910750000000001
21666.666666666668,5.910750000000001
21700.0,5.910750000000001
21733.333333333336,5.910750000000001
21766.666666666664,5.910750000000001
21800.0,5.910750000000001
21833.333333333332,5.910750000000001
21866.666666666668,5.910750000000001
21900.0,5.910750000000001
21933.333333333332,5.910750000000001
21966.666666666664,5.910750000000001
22000.0,5.910750000000001
22033.333333333332,5.910750000000001
22066.666666666668,5.910750000000001
22100.0,5.910750000000001
22133.333333333332,5.910750000000001
22166.666666666668,5.910750000000001
22200.0,5.910750000000001
22233.333333333336,5.910750000000001
22266.666666666664,5.910750000000001
22300.0,5.910750000000001
22333.333333333332,5.910750000000001
22366.666666666668,5.910750000000001
22400.0,5.910750000000001
22433.333333333332,5.910750000000001
22466.666666666664,5.910750000000001
22500.0,5.910750000000001
22533.333333333332,5.910750000000001
22566.666666666668,5.910750000000001
22600.0,5.910750000000001
22633.333333333332,5.910750000000001
22666.666666666668,5.910750000000001
22700.0,5.910750000000001
22733.333333333336,5.910750000000001
22766.666666666664,5.910750000000001
22800.0,5.910750000000001
22833.333333333332,5.910750000000001
22866.666666666668,5.910750000000001
22900.0,5.910750000000001
22933.333333333332,5.910750000000001
22966.666666666664,5.910750000000001
23000.0,5.910750000000001
23033.333333333332,5.910750000000001
23066.666666666668,5.910750000000001
23100.0,5.910750000000001
23133.333333333332,5.910750000000001
23166.666666666668,5.910750000000001
23200.0,5.910750000000001
23233.333333333336,5.910750000000001
23266.666666666664,5.910750000000001
23300.0,5.910750000000001
23333.333333333332,5.910750000000001
23366.666666666668,5.910750000000001
23400.0,5.910750000000001
23433.333333333332,5.910750000000001
23466.666666666664,5.910750000000001
23500.0,5.910750000000001
23533.333333333332,5.910750000000001
23566.666666666668,5.910750000000001
23600.0,5.910750000000001
23633.333333333332,5.910750000000001
23666.666666666668,5.910750000000001
23700.0,5.910750000000001
23733.333333333336,5.910750000000001
23766.666666666664,5.910750000000001
23800.0,5.910750000000001
23833.333333333332,5.910750000000001
23866.666666666668,5.910750000000001
23900.0,5.910750000000001
23933.333333333332,5.910750000000001
23966.666666666664,5.910750000000001
24000.0,5.910750000000001
24033.333333333332,5.910750000000001
24066.666666666668,5.910750000000001
24100.0,5.910750000000001
24133.333333333332,5.910750000000001
24166.666666666668,5.910750000000001
24200.0,5.910750000000001
24233.333333333336,5.910750000000001
24266.666666666664,5.910750000000001
24300.0,5.910750000000001
24333.333333333332,5.910750000000001
24366.666666666668,5.910750000000001
24400.0,5.910750000000001
24433.333333333332,5.910750000000001
24466.666666666664,5.910750000000001
24500.0,5.910750000000001
24533.333333333332,5.910750000000001
24566.666666666668,5.910750000000001
24600.0,5.910750000000001
24633.333333333332,5.910750000000001
24666.666666666668,5.910750000000001
24700.0,5.910750000000001
24733.333333333336,5.910750000000001
24766.666666666664,5.910750000000001
24800.0,5.910750000000001
24833.333333333332,5.910750000000001
24866.666666666668,5.910750000000001
24900.0,5.910750000000001
24933.333333333332,5.910750000000001
24966.666666666664,5.910750000000001
25000.0,5.910750000000001
25033.333333333332,5.910750000000001
25066.666666666668,5.910750000000001
25100.0,5.910750000000001
25133.333333333332,5.910750000000001
25166.666666666668,5.910750000000001
25200.0,5.910750000000001
25233.333333333336,5.910750000000001
25266.666666666664,5.910750000000001
25300.0,5.910750000000001
25333.333333333332,5.910750000000001
25366.666666666668,5.910750000000001
25400.0,5.910750000000001
25433.333333333332,5.910750000000001
25466.666666666664,5.910750000000001
25500.0,5.910750000000001
25533.333333333332,5.910750000000001
25566.666666666668,5.910750000000001
25600.0,5.910750000000001
25633.333333333332,5.910750000000001
25666.666666666668,5.910750000000001
25700.0,5.910750000000001
25733.333333333336,5.910750000000001
25766.666666666664,5.910750000000001
25800.0,5.910750000000001
25833.333333333332,5.910750000000001
25866.666666666668,5.910750000000001
25900.0,5.910750000000001
25933.333333333332,5.910750000000001
25966.666666666664,5.910750000000001
26000.0,5.910750000000001
26033.333333333332,5.910750000000001
26066.666666666668,5.910750000000001
26099.999999999996,5.910750000000001
26133.333333333332,5.910750000000001
26166.666666666668,5.910750000000001
26200.0,5.910750000000001
26233.333333333336,5.910750000000001
26266.666666666664,5.910750000000001
26300.0,5.910750000000001
26333.333333333332,5.910750000000001
26366.666666666668,5.910750000000001
26400.0,5.910750000000001
26433.333333333332,5.910750000000001
26466.666666666664,5.910750000000001
26500.0,5.910750000000001
26533.333333333332,5.910750000000001
26566.666666666668,5.910750000000001
26599.999999999996,5.910750000000001
26633.333333333332,5.910750000000001
26666.666666666668,5.910750000000001
26700.0,5.910750000000001
26733.333333333336,5.910750000000001
26766.666666666664,5.910750000000001
26800.0,5.910750000000001
26833.333333333332,5.910750000000001
26866.666666666668,5.910750000000001
26900.0,5.910750000000001
26933.333333333332,5.910750000000001
26966.666666666664,5.910750000000001
27000.0,5.910750000000001
27033.333333333332,5.910750000000001
27066.666666666668,5.910750000000001
27099.999999999996,5.910750000000001
27133.333333333332,5.910750000000001
27166.666666666668,5.910750000000001
27200.0,5.910750000000001
27233.333333333336,5.910750000000001
27266.666666666664,5.910750000000001
27300.0,5.910750000000001
27333.333333333332,5.910750000000001
27366.666666666668,5.910750000000001
27400.0,5.910750000000001
27433.333333333332,5.910750000000001
27466.666666666664,5.910750000000001
27500.0,5.910750000000001
27533.333333333332,5.910750000000001
27566.666666666668,5.910750000000001
27599.999999999996,5.910750000000001
27633.333333333332,5.910750000000001
27666.666666666668,5.910750000000001
27700.0,5.910750000000001
27733.333333333336,5.910750000000001
27766.666666666664,5.910750000000001
27800.0,5.910750000000001
27833.333333333332,5.910750000000001
27866.666666666668,5.910750000000001
27900.0,5.910750000000001
27933.333333333332,5.910750000000001
27966.666666666664,5.910750000000001
28000.0,5.910750000000001
28033.333333333332,5.910750000000001
28066.666666666668,5.910750000000001
28099.999999999996,5.910750000000001
28133.333333333332,5.910750000000001
28166.666666666668,5.910750000000001
28200.0,5.910750000000001
28233.333333333336,5.910750000000001
28266.666666666664,5.910750000000001
28300.0,5.910750000000001
28333.333333333332,5.910750000000001
28366.666666666668,5.910750000000001
28400.0,5.910750000000001
28433.333333333332,5.910750000000001
28466.666666666664,5.910750000000001
28500.0,5.910750000000001
28533.333333333332,5.910750000000001
28566.666666666668,5.910750000000001
28599.999999999996,5.910750000000001
28633.333333333332,5.910750000000001
28666.666666666668,5.910750000000001
28700.0,5.910750000000001
28733.333333333336,5.910750000000001
28766.666666666664,5.910750000000001
28800.0,5.910750000000001
28833.333333333332,5.910750000000001
28866.666666666668,5.910750000000001
28900.0,5.910750000000001
28933.333333333332,5.910750000000001
28966.666666666664,5.910750000000001
29000.0,5.910750000000001
29033.333333333332,5.910750000000001
29066.666666666668,5.910750000000001
29099.999999999996,5.910750000000001
29133.333333333332,5.910750000000001
29166.666666666668,5.910750000000001
29200.0,5.910750000000001
29233.333333333336,5.910750000000001
29266.666666666664,5.910750000000001
29300.0,5.910750000000001
29333.333333333332,5.910750000000001
29366.666666666668,5.910750000000001
29400.0,5.910750000000001
29433.333333333332,5.910750000000001
29466.666666666664,5.910750000000001
29500.0,5.910750000000001
29533.333333333332,5.910750000000001
29566.666666666668,5.910750000000001
29599.999999999996,5.910750000000001
29633.333333333332,5.910750000000001
29666.666666666668,5.910750000000001
29700.0,5.910750000000001
29733.333333333336,5.910750000000001
29766.666666666664,5.910750000000001
29800.0,5.910750000000001
29833.333333333332,5.910750000000001
29866.666666666668,5.910750000000001
29900.0,5.910750000000001
29933.333333333332,5.910750000000001
29966.666666666664,5.910750000000001
30000.0,5.910750000000001
30033.333333333332,5.910750000000001
30066.666666666668,5.910750000000001
30099.999999999996,5.910750000000001
30133.333333333332,5.910750000000001
30166.666666666668,5.910750000000001
30200.0,5.910750000000001
30233.333333333336,5.910750000000001
30266.666666666664,5.910750000000001
30300.0,5.910750000000001
30333.333333333332,5.910750000000001
30366.666666666668,5.910750000000001
30400.0,5.910750000000001
30433.333333333332,5.910750000000001
30466.666666666664,5.910750000000001
30500.0,5.910750000000001
30533.333333333332,5.910750000000001
30566.666666666668,5.910750000000001
30599.999999999996,5.910750000000001
30633.333333333332,5.910750000000001
30666.666666666668,5.910750000000001
30700.0,5.910750000000001
30733.333333333336,5.910750000000001
30766.666666666664,5.910750000000001
30800.0,5.910750000000001
30833.333333333332,5.910750000000001
30866.666666666668,5.910750000000001
30900.0,5.910750000000001
30933.333333333332,5.910750000000001
30966.666666666664,5.910750000000001
31000.0,5.910750000000001
31033.333333333332,5.910750000000001
31066.666666666668,5.910750000000001
31099.999999999996,5.910750000000001
31133.333333333332,5.910750000000001
31166.666666666668,5.910750000000001
31200.0,5.910750000000001
31233.333333333336,5.910750000000001
31266.666666666664,5.910750000000001
31300.0,5.910750000000001
31333.333333333332,5.910750000000001
31366.666666666668,5.910750000000001
31400.0,5.910750000000001
31433.333333333332,5.910750000000001
31466.666666666664,5.910750000000001
31500.0,5.910750000000001
31533.333333333332,5.910750000000001
31566.666666666668,5.910750000000001
31599.999999999996,5.910750000000001
31633.333333333332,5.910750000000001
31666.666666666668,5.910750000000001
31700.0,5.910750000000001
31733.333333333336,5.910750000000001
31766.666666666664,5.910750000000001
31800.0,5.910750000000001
31833.333333333332,5.910750000000001
31866.666666666668,5.910750000000001
31900.0,5.910750000000001
31933.333333333332,5.910750000000001
31966.666666666664,5.910750000000001
32000.0,5.910750000000001
32033.333333333332,5.910750000000001
32066.666666666664,5.910750000000001
32100.0,5.910750000000001
32133.333333333332,5.910750000000001
32166.666666666664,5.910750000000001
32200.000000000004,5.910750000000001
32233.333333333336,5.910750000000001
32266.666666666664,5.910750000000001
32299.999999999996,5.910750000000001
32333.333333333336,5.910750000000001
32366.666666666668,5.910750000000001
32400.0,5.910750000000001
32433.33333333333,5.910750000000001
32466.666666666668,5.910750000000001
32500.0,5.910750000000001
32533.333333333332,5.910750000000001
32566.666666666664,5.910750000000001
32600.0,5.910750000000001
32633.333333333332,5.910750000000001
32666.666666666664,5.910750000000001
32700.000000000004,5.910750000000001
32733.333333333336,5.910750000000001
32766.666666666664,5.910750000000001
32800.0,5.910750000000001
32833.333333333336,5.910750000000001
32866.666666666664,5.910750000000001
32900.0,5.910750000000001
32933.33333333333,5.910750000000001
32966.66666666667,5.910750000000001
33000.0,5.910750000000001
33033.33333333333,5.910750000000001
33066.666666666664,5.910750000000001
33100.0,5.910750000000001
33133.333333333336,5.910750000000001
33166.666666666664,5.910750000000001
33200.0,5.910750000000001
33233.333333333336,5.910750000000001
33266.666666666664,5.910750000000001
33300.0,5.910750000000001
33333.333333333336,5.910750000000001
33366.666666666664,5.910750000000001
33400.0,5.910750000000001
33433.33333333333,5.910750000000001
33466.66666666667,5.910750000000001
33500.0,5.910750000000001
33533.33333333333,5.910750000000001
33566.666666666664,5.910750000000001
33600.0,5.910750000000001
33633.333333333336,5.910750000000001
33666.666666666664,5.910750000000001
33700.0,5.910750000000001
33733.333333333336,5.910750000000001
33766.666666666664,5.910750000000001
33800.0,5.910750000000001
33833.333333333336,5.910750000000001
33866.666666666664,5.910750000000001
33900.0,5.910750000000001
33933.33333333333,5.910750000000001
33966.66666666667,5.910750000000001
34000.0,5.910750000000001
34033.33333333333,5.910750000000001
34066.666666666664,5.910750000000001
34100.0,5.910750000000001
34133.333333333336,5.910750000000001
34166.666666666664,5.910750000000001
34200.0,5.910750000000001
34233.333333333336,5.910750000000001
34266.666666666664,5.910750000000001
34300.0,5.910750000000001
34333.333333333336,5.910750000000001
34366.666666666664,5.910750000000001
34400.0,5.910750000000001
34433.33333333333,5.910750000000001
34466.66666666667,5.910750000000001
34500.0,5.910750000000001
34533.33333333333,5.910750000000001
34566.666666666664,5.910750000000001
34600.0,5.910750000000001
34633.333333333336,5.910750000000001
34666.666666666664,5.910750000000001
34700.0,5.910750000000001
34733.333333333336,5.910750000000001
34766.666666666664,5.910750000000001
34800.0,5.910750000000001
34833.333333333336,5.910750000000001
34866.666666666664,5.910750000000001
34900.0,5.910750000000001
34933.33333333333,5.910750000000001
34966.66666666667,5.910750000000001
35000.0,5.910750000000001
35033.33333333333,5.910750000000001
35066.666666666664,5.910750000000001
35100.0,5.910750000000001
35133.333333333336,5.910750000000001
35166.666666666664,5.910750000000001
35200.0,5.910750000000001
35233.333333333336,5.910750000000001
35266.666666666664,5.910750000000001
35300.0,5.910750000000001
35333.333333333336,5.910750000000001
35366.666666666664,5.910750000000001
35400.0,5.910750000000001
35433.33333333333,5.910750000000001
35466.66666666667,5.910750000000001
35500.0,5.910750000000001
35533.33333333333,5.910750000000001
35566.666666666664,5.910750000000001
35600.0,5.910750000000001
35633.333333333336,5.910750000000001
35666.666666666664,5.910750000000001
35700.0,5.910750000000001
35733.333333333336,5.910750000000001
35766.666666666664,5.910750000000001
35800.0,5.910750000000001
35833.333333333336,5.910750000000001
35866.666666666664,5.910750000000001
35900.0,5.910750000000001
35933.33333333333,5.910750000000001
35966.66666666667,5.910750000000001
36000.0,5.910750000000001
36033.33333333333,5.910750000000001
36066.666666666664,5.910750000000001
36100.0,5.910750000000001
36133.333333333336,5.910750000000001
36166.666666666664,5.910750000000001
36200.0,5.910750000000001
36233.333333333336,5.910750000000001
36266.666666666664,5.910750000000001
36300.0,5.910750000000001
36333.333333333336,5.910750000000001
36366.666666666664,5.910750000000001
36400.0,5.910750000000001
36433.33333333333,5.910750000000001
36466.66666666667,5.910750000000001
36500.0,5.910750000000001
36533.33333333333,5.910750000000001
36566.666666666664,5.910750000000001
36600.0,5.910750000000001
36633.333333333336,5.910750000000001
36666.666666666664,5.910750000000001
36700.0,5.910750000000001
36733.333333333336,5.910750000000001
36766.666666666664,5.910750000000001
36800.0,5.910750000000001
36833.333333333336,5.910750000000001
36866.666666666664,5.910750000000001
36900.0,5.910750000000001
36933.33333333333,5.910750000000001
36966.66666666667,5.910750000000001
37000.0,5.910750000000001
37033.33333333333,5.910750000000001
37066.666666666664,5.910750000000001
37100.0,5.910750000000001
37133.333333333336,5.910750000000001
37166.666666666664,5.910750000000001
37200.0,5.910750000000001
37233.333333333336,5.910750000000001
37266.666666666664,5.910750000000001
37300.0,5.910750000000001
37333.333333333336,5.910750000000001
37366.666666666664,5.910750000000001
37400.0,5.910750000000001
37433.33333333333,5.910750000000001
37466.66666666667,5.910750000000001
37500.0,5.910750000000001
37533.33333333333,5.910750000000001
37566.666666666664,5.910750000000001
37600.0,5.910750000000001
37633.333333333336,5.910750000000001
37666.666666666664,5.910750000000001
37700.0,5.910750000000001
37733.333333333336,5.910750000000001
37766.666666666664,5.910750000000001
37800.0,5.910750000000001
37833.333333333336,5.910750000000001
37866.666666666664,5.910750000000001
37900.0,5.910750000000001
37933.33333333333,5.910750000000001
37966.66666666667,5.910750000000001
38000.0,5.910750000000001
38033.33333333333,5.910750000000001
38066.666666666664,5.910750000000001
38100.0,5.910750000000001
38133.333333333336,5.910750000000001
38166.666666666664,5.910750000000001
38200.0,5.910750000000001
38233.333333333336,5.910750000000001
38266.666666666664,5.910750000000001
38300.0,5.910750000000001
38333.333333333336,5.910750000000001
38366.666666666664,5.910750000000001
38400.0,5.910750000000001
38433.33333333333,5.910750000000001
38466.66666666667,5.910750000000001
38500.0,5.910750000000001
38533.33333333333,5.910750000000001
38566.666666666664,5.910750000000001
38600.0,5.910750000000001
38633.333333333336,5.910750000000001
38666.666666666664,5.910750000000001
38700.0,5.910750000000001
38733.333333333336,5.910750000000001
38766.666666666664,5.910750000000001
38800.0,5.910750000000001
38833.333333333336,5.910750000000001
38866.666666666664,5.910750000000001
38900.0,5.910750000000001
38933.33333333333,5.910750000000001
38966.66666666667,5.910750000000001
39000.0,5.910750000000001
39033.33333333333,5.910750000000001
39066.666666666664,5.910750000000001
39100.0,5.910750000000001
39133.333333333336,5.910750000000001
39166.666666666664,5.910750000000001
39200.0,5.910750000000001
39233.333333333336,5.910750000000001
39266.666666666664,5.910750000000001
39300.0,5.910750000000001
39333.333333333336,5.910750000000001
39366.666666666664,5.910750000000001
39400.0,5.910750000000001
39433.33333333333,5.910750000000001
39466.66666666667,5.910750000000001
39500.0,5.910750000000001
39533.33333333333,5.910750000000001
39566.666666666664,5.910750000000001
39600.0,5.910750000000001
39633.333333333336,5.910750000000001
39666.666666666664,5.910750000000001
39700.0,5.910750000000001
39733.333333333336,5.910750000000001
39766.666666666664,5.910750000000001
39800.0,5.910750000000001
39833.333333333336,5.910750000000001
39866.666666666664,5.910750000000001
39900.0,5.910750000000001
39933.33333333333,5.910750000000001
39966.66666666667,5.910750000000001
40000.0,5.910750000000001
40033.33333333333,5.910750000000001
40066.666666666664,5.910750000000001
40100.0,5.910750000000001
40133.333333333336,5.910750000000001
40166.666666666664,5.910750000000001
40200.0,5.910750000000001
40233.333333333336,5.910750000000001
40266.666666666664,5.910750000000001
40300.0,5.910750000000001
40333.333333333336,5.910750000000001
40366.666666666664,5.910750000000001
40400.0,5.910750000000001
40433.33333333333,5.910750000000001
40466.66666666667,5.910750000000001
40500.0,5.910750000000001
40533.33333333333,5.910750000000001
40566.666666666664,5.910750000000001
40600.0,5.910750000000001
40633.333333333336,5.910750000000001
40666.666666666664,5.910750000000001
40700.0,5.910750000000001
40733.333333333336,5.910750000000001
40766.666666666664,5.910750000000001
40800.0,5.910750000000001
40833.333333333336,5.910750000000001
40866.666666666664,5.910750000000001
40900.0,5.910750000000001
40933.33333333333,5.910750000000001
40966.66666666667,5.910750000000001
41000.0,5.910750000000001
41033.33333333333,5.910750000000001
41066.666666666664,5.910750000000001
41100.0,5.910750000000001
41133.333333333336,5.910750000000001
41166.666666666664,5.910750000000001
41200.0,5.910750000000001
41233.333333333336,5.910750000000001
41266.666666666664,5.910750000000001
41300.0,5.910750000000001
41333.333333333336,5.910750000000001
41366.666666666664,5.910750000000001
41400.0,5.910750000000001
41433.33333333333,5.910750000000001
41466.66666666667,5.910750000000001
41500.0,5.910750000000001
41533.33333333333,5.910750000000001
41566.666666666664,5.910750000000001
41600.0,5.910750000000001
41633.333333333336,5.910750000000001
41666.666666666664,5.910750000000001
41700.0,5.910750000000001
41733.333333333336,5.910750000000001
41766.666666666664,5.910750000000001
41800.0,5.910750000000001
41833.333333333336,5.910750000000001
41866.666666666664,5.910750000000001
41900.0,5.910750000000001
41933.33333333333,5.910750000000001
41966.66666666667,5.910750000000001
42000.0,5.910750000000001
42033.33333333333,5.910750000000001
42066.666666666664,5.910750000000001
42100.0,5.910750000000001
42133.333333333336,5.910750000000001
42166.666666666664,5.910750000000001
42200.0,5.910750000000001
42233.333333333336,5.910750000000001
42266.666666666664,5.910750000000001
42300.0,5.910750000000001
42333.333333333336,5.910750000000001
42366.666666666664,5.910750000000001
42400.0,5.910750000000001
42433.33333333333,5.910750000000001
42466.66666666667,5.910750000000001
42500.0,5.910750000000001
42533.33333333333,5.910750000000001
42566.666666666664,5.910750000000001
42600.0,5.910750000000001
42633.333333333336,5.910750000000001
42666.666666666664,5.910750000000001
42700.0,5.910750000000001
42733.333333333336,5.910750000000001
42766.666666666664,5.910750000000001
42800.0,5.910750000000001
42833.333333333336,5.910750000000001
42866.666666666664,5.910750000000001
42900.0,5.910750000000001
42933.33333333333,5.910750000000001
42966.66666666667,5.910750000000001
43000.0,5.910750000000001
43033.33333333333,5.910750000000001
43066.666666666664,5.910750000000001
43100.0,5.910750000000001
43133.333333333336,5.910750000000001
43166.666666666664,5.910750000000001
43200.0,5.910750000000001
43233.333333333336,5.910750000000001
43266.666666666664,5.910750000000001
43300.0,5.910750000000001
43333.333333333336,5.910750000000001
43366.666666666664,5.910750000000001
43400.0,5.910750000000001
43433.33333333333,5.910750000000001
43466.66666666667,5.910750000000001
43500.0,5.910750000000001
43533.33333333333,5.910750000000001
43566.666666666664,5.910750000000001
43600.0,5.910750000000001
43633.333333333336,5.910750000000001
43666.666666666664,5.910750000000001
43700.0,5.910750000000001
43733.333333333336,5.910750000000001
43766.666666666664,5.910750000000001
43800.0,5.910750000000001
43833.333333333336,5.910750000000001
43866.666666666664,5.910750000000001
43900.0,5.910750000000001
43933.33333333333,5.910750000000001
43966.66666666667,5.910750000000001
44000.0,5.910750000000001
44033.33333333333,5.910750000000001
44066.666666666664,5.910750000000001
44100.0,5.910750000000001
44133.333333333336,5.910750000000001
44166.666666666664,5.910750000000001
44200.0,5.910750000000001
44233.333333333336,5.910750000000001
44266.666666666664,5.910750000000001
44300.0,5.910750000000001
44333.333333333336,5.910750000000001
44366.666666666664,5.910750000000001
44400.0,5.910750000000001
44433.33333333333,5.910750000000001
44466.66666666667,5.910750000000001
44500.0,5.910750000000001
44533.33333333333,5.910750000000001
44566.666666666664,5.910750000000001
44600.0,5.910750000000001
44633.333333333336,5.910750000000001
44666.666666666664,5.910750000000001
44700.0,5.910750000000001
44733.333333333336,5.910750000000001
44766.666666666664,5.910750000000001
44800.0,5.910750000000001
44833.333333333336,5.910750000000001
44866.666666666664,5.910750000000001
44900.0,5.910750000000001
44933.33333333333,5.910750000000001
44966.66666666667,5.910750000000001
45000.0,5.910750000000001
45033.33333333333,5.910750000000001
45066.666666666664,5.910750000000001
45100.0,5.910750000000001
45133.333333333336,5.910750000000001
45166.666666666664,5.910750000000001
45200.0,5.910750000000001
45233.333333333336,5.910750000000001
45266.666666666664,5.910750000000001
45300.0,5.910750000000001
45333.333333333336,5.910750000000001
45366.666666666664,5.910750000000001
45400.0,5.910750000000001
45433.33333333333,5.910750000000001
45466.66666666667,5.910750000000001
45500.0,5.910750000000001
45533.33333333333,5.910750000000001
45566.666666666664,5.910750000000001
45600.0,5.910750000000001
45633.333333333336,5.910750000000001
45666.666666666664,5.910750000000001
45700.0,5.910750000000001
45733.333333333336,5.910750000000001
45766.666666666664,5.910750000000001
45800.0,5.910750000000001
45833.333333333336,5.910750000000001
45866.666666666664,5.910750000000001
45900.0,5.910750000000001
45933.33333333333,5.910750000000001
45966.66666666667,5.910750000000001
46000.0,5.910750000000001
46033.33333333333,5.910750000000001
46066.666666666664,5.910750000000001
46100.0,5.910750000000001
46133.333333333336,5.910750000000001
46166.666666666664,5.910750000000001
46200.0,5.910750000000001
46233.333333333336,5.910750000000001
46266.666666666664,5.910750000000001
46300.0,5.910750000000001
46333.333333333336,5.910750000000001
46366.666666666664,5.910750000000001
46400.0,5.910750000000001
46433.33333333333,5.910750000000001
46466.66666666667,5.910750000000001
46500.0,5.910750000000001
46533.33333333333,5.910750000000001
46566.666666666664,5.910750000000001
46600.0,5.910750000000001
46633.333333333336,5.910750000000001
46666.666666666664,5.910750000000001
46700.0,5.910750000000001
46733.333333333336,5.910750000000001
46766.666666666664,5.910750000000001
46800.0,5.910750000000001
46833.333333333336,5.910750000000001
46866.666666666664,5.910750000000001
46900.0,5.910750000000001
46933.33333333333,5.910750000000001
46966.66666666667,5.910750000000001
47000.0,5.910750000000001
47033.33333333333,5.910750000000001
47066.666666666664,5.910750000000001
47100.0,5.910750000000001
47133.333333333336,5.910750000000001
47166.666666666664,5.910750000000001
47200.0,5.910750000000001
47233.333333333336,5.910750000000001
47266.666666666664,5.910750000000001
47300.0,5.910750000000001
47333.333333333336,5.910750000000001
47366.666666666664,5.910750000000001
47400.0,5.910750000000001
47433.33333333333,5.910750000000001
47466.66666666667,5.910750000000001
47500.0,5.910750000000001
47533.33333333333,5.910750000000001
47566.666666666664,5.910750000000001
47600.0,5.910750000000001
47633.333333333336,5.910750000000001
47666.666666666664,5.910750000000001
47700.0,5.910750000000001
47733.333333333336,5.910750000000001
47766.666666666664,5.910750000000001
47800.0,5.910750000000001
47833.333333333336,5.910750000000001
47866.666666666664,5.910750000000001
47900.0,5.910750000000001
47933.33333333333,5.910750000000001
47966.66666666667,5.910750000000001
48000.0,5.910750000000001
48033.33333333333,5.910750000000001
48066.666666666664,5.910750000000001
48100.0,5.910750000000001
48133.333333333336,5.910750000000001
48166.666666666664,5.910750000000001
48200.0,5.910750000000001
48233.333333333336,5.910750000000001
48266.666666666664,5.910750000000001
48300.0,5.910750000000001
48333.333333333336,5.910750000000001
48366.666666666664,5.910750000000001
48400.0,5.910750000000001
48433.33333333333,5.910750000000001
48466.66666666667,5.910750000000001
48500.0,5.910750000000001
48533.33333333333,5.910750000000001
48566.666666666664,5.910750000000001
48600.0,5.910750000000001
48633.333333333336,5.910750000000001
48666.666666666664,5.910750000000001
48700.0,5.910750000000001
48733.333333333336,5.910750000000001
48766.666666666664,5.910750000000001
48800.0,5.910750000000001
48833.333333333336,5.910750000000001
48866.666666666664,5.910750000000001
48900.0,5.910750000000001
48933.33333333333,5.910750000000001
48966.66666666667,5.910750000000001
49000.0,5.910750000000001
49033.33333333333,5.910750000000001
49066.666666666664,5.910750000000001
49100.0,5.910750000000001
49133.333333333336,5.910750000000001
49166.666666666664,5.910750000000001
49200.0,5.910750000000001
49233.333333333336,5.910750000000001
49266.666666666664,5.910750000000001
49300.0,5.910750000000001
49333.333333333336,5.910750000000001
49366.666666666664,5.910750000000001
49400.0,5.910750000000001
49433.33333333333,5.910750000000001
49466.66666666667,5.910750000000001
49500.0,5.910750000000001
49533.33333333333,5.910750000000001
49566.666666666664,5.910750000000001
49600.0,5.910750000000001
49633.333333333336,5.910750000000001
49666.666666666664,5.910750000000001
49700.0,5.910750000000001
49733.333333333336,5.910750000000001
49766.666666666664,5.910750000000001
49800.0,5.910750000000001
49833.333333333336,5.910750000000001
49866.666666666664,5.910750000000001
49900.0,5.910750000000001
49933.33333333333,5.910750000000001
49966.66666666667,5.910750000000001
50000.0,5.910750000000001
50033.33333333333,5.910750000000001
50066.666666666664,5.910750000000001
50100.0,5.910750000000001
50133.333333333336,5.910750000000001
50166.666666666664,5.910750000000001
50200.0,5.910750000000001
50233.333333333336,5.910750000000001
50266.666666666664,5.910750000000001
50300.0,5.910750000000001
50333.333333333336,5.910750000000001
50366.666666666664,5.910750000000001
50400.0,5.910750000000001
50433.33333333333,5.910750000000001
50466.66666666667,5.910750000000001
50500.0,5.910750000000001
50533.33333333333,5.910750000000001
50566.666666666664,5.910750000000001
50600.0,5.910750000000001
50633.333333333336,5.910750000000001
50666.666666666664,5.910750000000001
50700.0,5.910750000000001
50733.333333333336,5.910750000000001
50766.666666666664,5.910750000000001
50800.0,5.910750000000001
50833.333333333336,5.910750000000001
50866.666666666664,5.910750000000001
50900.0,5.910750000000001
50933.33333333333,5.910750000000001
50966.66666666667,5.910750000000001
51000.0,5.910750000000001
51033.33333333333,5.910750000000001
51066.666666666664,5.910750000000001
51100.0,5.910750000000001
51133.333333333336,5.910750000000001
51166.666666666664,5.910750000000001
51200.0,5.910750000000001
51233.333333333336,5.910750000000001
51266.666666666664,5.910750000000001
51300.0,5.910750000000001
51333.333333333336,5.910750000000001
51366.666666666664,5.910750000000001
51400.0,5.910750000000001
51433.33333333333,5.910750000000001
51466.66666666667,5.910750000000001
51500.0,5.910750000000001
51533.33333333333,5.910750000000001
51566.666666666664,5.910750000000001
51600.0,5.910750000000001
51633.333333333336,5.910750000000001
51666.666666666664,5.910750000000001
51699.99999999999,5.910750000000001
51733.333333333336,5.910750000000001
51766.666666666664,5.910750000000001
51800.0,5.910750000000001
51833.333333333336,5.910750000000001
51866.666666666664,5.910750000000001
51900.0,5.910750000000001
51933.33333333333,5.910750000000001
51966.66666666667,5.910750000000001
52000.0,5.910750000000001
52033.33333333333,5.910750000000001
52066.666666666664,5.910750000000001
52100.0,5.910750000000001
52133.333333333336,5.910750000000001
52166.666666666664,5.910750000000001
52199.99999999999,5.910750000000001
52233.333333333336,5.910750000000001
52266.666666666664,5.910750000000001
52300.0,5.910750000000001
52333.333333333336,5.910750000000001
52366.666666666664,5.910750000000001
52400.0,5.910750000000001
52433.33333333333,5.910750000000001
52466.66666666667,5.910750000000001
52500.0,5.910750000000001
52533.33333333333,5.910750000000001
52566.666666666664,5.910750000000001
52600.0,5.910750000000001
52633.333333333336,5.910750000000001
52666.666666666664,5.910750000000001
52699.99999999999,5.910750000000001
52733.333333333336,5.910750000000001
52766.666666666664,5.910750000000001
52800.0,5.910750000000001
52833.333333333336,5.910750000000001
52866.666666666664,5.910750000000001
52900.0,5.910750000000001
52933.33333333333,5.910750000000001
52966.66666666667,5.910750000000001
53000.0,5.910750000000001
53033.33333333333,5.910750000000001
53066.666666666664,5.910750000000001
53100.0,5.910750000000001
53133.333333333336,5.910750000000001
53166.666666666664,5.910750000000001
53199.99999999999,5.910750000000001
53233.333333333336,5.910750000000001
53266.666666666664,5.910750000000001
53300.0,5.910750000000001
53333.333333333336,5.910750000000001
53366.666666666664,5.910750000000001
53400.0,5.910750000000001
53433.33333333333,5.910750000000001
53466.66666666667,5.910750000000001
53500.0,5.910750000000001
53533.33333333333,5.910750000000001
53566.666666666664,5.910750000000001
53600.0,5.910750000000001
53633.333333333336,5.910750000000001
53666.666666666664,5.910750000000001
53699.99999999999,5.910750000000001
53733.333333333336,5.910750000000001
53766.666666666664,5.910750000000001
53800.0,5.910750000000001
53833.333333333336,5.910750000000001
53866.666666666664,5.910750000000001
53900.0,5.910750000000001
53933.33333333333,5.910750000000001
53966.66666666667,5.910750000000001
54000.0,5.910750000000001
54033.33333333333,5.910750000000001
54066.666666666664,5.910750000000001
54100.0,5.910750000000001
54133.333333333336,5.910750000000001
54166.666666666664,5.910750000000001
54199.99999999999,5.910750000000001
54233.333333333336,5.910750000000001
54266.666666666664,5.910750000000001
54300.0,5.910750000000001
54333.333333333336,5.910750000000001
54366.666666666664,5.910750000000001
54400.0,5.910750000000001
54433.33333333333,5.910750000000001
54466.66666666667,5.910750000000001
54500.0,5.910750000000001
54533.33333333333,5.910750000000001
54566.666666666664,5.910750000000001
54600.0,5.910750000000001
54633.333333333336,5.910750000000001
54666.666666666664,5.910750000000001
54699.99999999999,5.910750000000001
54733.333333333336,5.910750000000001
54766.666666666664,5.910750000000001
54800.0,5.910750000000001
54833.333333333336,5.910750000000001
54866.666666666664,5.910750000000001
54900.0,5.910750000000001
54933.33333333333,5.910750000000001
54966.66666666667,5.910750000000001
55000.0,5.910750000000001
55033.33333333333,5.910750000000001
55066.666666666664,5.910750000000001
55100.0,5.910750000000001
55133.333333333336,5.910750000000001
55166.666666666664,5.910750000000001
55199.99999999999,5.910750000000001
55233.333333333336,5.910750000000001
55266.666666666664,5.910750000000001
55300.0,5.910750000000001
55333.333333333336,5.910750000000001
55366.666666666664,5.910750000000001
55400.0,5.910750000000001
55433.33333333333,5.910750000000001
55466.66666666667,5.910750000000001
55500.0,5.910750000000001
55533.33333333333,5.910750000000001
55566.666666666664,5.910750000000001
55600.0,5.910750000000001
55633.333333333336,5.910750000000001
55666.666666666664,5.910750000000001
55699.99999999999,5.910750000000001
55733.333333333336,5.910750000000001
55766.666666666664,5.910750000000001
55800.0,5.910750000000001
55833.333333333336,5.910750000000001
55866.666666666664,5.910750000000001
55900.0,5.910750000000001
55933.33333333333,5.910750000000001
55966.66666666667,5.910750000000001
56000.0,5.910750000000001
56033.33333333333,5.910750000000001
56066.666666666664,5.910750000000001
56100.0,5.910750000000001
56133.333333333336,5.910750000000001
56166.666666666664,5.910750000000001
56199.99999999999,5.910750000000001
56233.333333333336,5.910750000000001
56266.666666666664,5.910750000000001
56300.0,5.910750000000001
56333.333333333336,5.910750000000001
56366.666666666664,5.910750000000001
56400.0,5.910750000000001
56433.33333333333,5.910750000000001
56466.66666666667,5.910750000000001
56500.0,5.910750000000001
56533.33333333333,5.910750000000001
56566.666666666664,5.910750000000001
56600.0,5.910750000000001
56633.333333333336,5.910750000000001
56666.666666666664,5.910750000000001
56699.99999999999,5.910750000000001
56733.333333333336,5.910750000000001
56766.666666666664,5.910750000000001
56800.0,5.910750000000001
56833.333333333336,5.910750000000001
56866.666666666664,5.910750000000001
56900.0,5.910750000000001
56933.33333333333,5.910750000000001
56966.66666666667,5.910750000000001
57000.0,5.910750000000001
57033.33333333333,5.910750000000001
57066.666666666664,5.910750000000001
57100.0,5.910750000000001
57133.333333333336,5.910750000000001
57166.666666666664,5.910750000000001
57199.99999999999,5.910750000000001
57233.333333333336,5.910750000000001
57266.666666666664,5.910750000000001
57300.0,5.910750000000001
57333.333333333336,5.910750000000001
57366.666666666664,5.910750000000001
57400.0,5.910750000000001
57433.33333333333,5.910750000000001
57466.66666666667,5.910750000000001
57500.0,5.910750000000001
57533.33333333333,5.910750000000001
57566.666666666664,5.910750000000001
57600.0,5.910750000000001
57633.333333333336,5.910750000000001
57666.666666666664,5.910750000000001
57699.99999999999,5.910750000000001
57733.333333333336,5.910750000000001
57766.666666666664,5.910750000000001
57800.0,5.910750000000001
57833.333333333336,5.910750000000001
57866.666666666664,5.910750000000001
57900.0,5.910750000000001
57933.33333333333,5.910750000000001
57966.66666666667,5.910750000000001
58000.0,5.910750000000001
58033.33333333333,5.910750000000001
58066.666666666664,5.910750000000001
58100.0,5.910750000000001
58133.333333333336,5.910750000000001
58166.666666666664,5.910750000000001
58199.99999999999,5.910750000000001
58233.333333333336,5.910750000000001
58266.666666666664,5.910750000000001
58300.0,5.910750000000001
58333.333333333336,5.910750000000001
58366.666666666664,5.910750000000001
58400.0,5.910750000000001
58433.33333333333,5.910750000000001
58466.66666666667,5.910750000000001
58500.0,5.910750000000001
58533.33333333333,5.910750000000001
58566.666666666664,5.910750000000001
58600.0,5.910750000000001
58633.333333333336,5.910750000000001
58666.666666666664,5.910750000000001
58699.99999999999,5.910750000000001
58733.333333333336,5.910750000000001
58766.666666666664,5.910750000000001
58800.0,5.910750000000001
58833.333333333336,5.910750000000001
58866.666666666664,5.910750000000001
58900.0,5.910750000000001
58933.33333333333,5.910750000000001
58966.66666666667,5.910750000000001
59000.0,5.910750000000001
59033.33333333333,5.910750000000001
59066.666666666664,5.910750000000001
59100.0,5.910750000000001
59133.333333333336,5.910750000000001
59166.666666666664,5.910750000000001
59199.99999999999,5.910750000000001
59233.333333333336,5.910750000000001
59266.666666666664,5.910750000000001
59300.0,5.910750000000001
59333.333333333336,5.910750000000001
59366.666666666664,5.910750000000001
59400.0,5.910750000000001
59433.33333333333,5.910750000000001
59466.66666666667,5.910750000000001
59500.0,5.910750000000001
59533.33333333333,5.910750000000001
59566.666666666664,5.910750000000001
59600.0,5.910750000000001
59633.333333333336,5.910750000000001
59666.666666666664,5.910750000000001
59699.99999999999,5.910750000000001
59733.333333333336,5.910750000000001
59766.666666666664,5.910750000000001
59800.0,5.910750000000001
59833.333333333336,5.910750000000001
59866.666666666664,5.910750000000001
59900.0,5.910750000000001
59933.33333333333,5.910750000000001
59966.66666666667,5.910750000000001
